{"cameraMode":{"drawMode":0,"name":"Shaded","section":"Shading Mode"},"sceneLighting":true,"audioPlay":false,"sceneViewState":{"m_AlwaysRefresh":false,"showFog":true,"showSkybox":false,"showFlares":true,"showImageEffects":true,"showParticleSystems":true,"showVisualEffectGraphs":true,"m_FxEnabled":true},"in2DMode":false,"pivot":{"x":15.69388198852539,"y":1.4973145723342896,"z":-14.961273193359375},"rotation":{"x":0.009896812029182911,"y":0.016498185694217683,"z":-0.00016566940757911652,"w":0.9998142123222351},"size":4.757980823516846,"orthographic":false}