{"cameraMode":{"drawMode":0,"name":"Shaded","section":"Shading Mode"},"sceneLighting":false,"audioPlay":false,"sceneViewState":{"m_AlwaysRefresh":false,"showFog":true,"showSkybox":false,"showFlares":true,"showImageEffects":true,"showParticleSystems":true,"showVisualEffectGraphs":true,"m_FxEnabled":true},"in2DMode":false,"pivot":{"x":4.119999885559082,"y":1.940000057220459,"z":60.54999923706055},"rotation":{"x":0.14778369665145875,"y":0.17584627866744996,"z":-0.026713747531175615,"w":0.9728876948356628},"size":1.7320507764816285,"orthographic":false}