{"cameraMode":{"drawMode":0,"name":"Shaded","section":"Shading Mode"},"sceneLighting":false,"audioPlay":false,"sceneViewState":{"m_AlwaysRefresh":false,"showFog":true,"showSkybox":false,"showFlares":true,"showImageEffects":true,"showParticleSystems":true,"showVisualEffectGraphs":true,"m_FxEnabled":true},"in2DMode":false,"pivot":{"x":21.568262100219728,"y":3.8581032752990724,"z":-2.9546303749084474},"rotation":{"x":-0.022071927785873414,"y":-0.19342733919620515,"z":-0.004359802231192589,"w":0.9808706641197205},"size":1.6549615859985352,"orthographic":false}