{"cameraMode":{"drawMode":0,"name":"Shaded","section":"Shading Mode"},"sceneLighting":false,"audioPlay":false,"sceneViewState":{"m_AlwaysRefresh":false,"showFog":true,"showSkybox":false,"showFlares":true,"showImageEffects":true,"showParticleSystems":true,"showVisualEffectGraphs":true,"m_FxEnabled":true},"in2DMode":false,"pivot":{"x":-0.07249999791383743,"y":1.8830000162124634,"z":-1.791000485420227},"rotation":{"x":0.018356388434767724,"y":-0.6940513253211975,"z":0.017696106806397439,"w":0.7194947004318237},"size":10.854044914245606,"orthographic":false}